training_set,pv_filter,npv_filter,bs_filter,loss_mean
Train,3.658894282977544,2.729773948457013,2.0760667798325803,2.821578337089045
Test,43.40111386077412,33.60941464195612,34.47177133003359,37.16076661092128
